{
    "linear_regression": {
        "emission": {
            "run_id": "e622fa16-e5cf-4647-9b3f-e19cb3d74934",
            "duration": 10209.236793429998,
            "emissions": 0.007523713155020691,
            "emissions_rate": 7.369468840342126e-07,
            "cpu_power": 7.5,
            "gpu_power": 0.0,
            "ram_power": 11.709807872772217,
            "cpu_energy": 0.021269378365393762,
            "gpu_energy": 0,
            "ram_energy": 0.03320804243891515,
            "energy_consumed": 0.05447742080430891,
            "country_name": "Belgium",
            "country_iso_code": "BEL",
            "region": "wallonia",
            "cloud_provider": "",
            "cloud_region": "",
            "os": "Linux-6.8.0-52-generic-x86_64-with-glibc2.39",
            "python_version": "3.12.3",
            "codecarbon_version": "2.8.3",
            "cpu_count": 8,
            "cpu_model": "Intel(R) Core(TM) i5-8350U CPU @ 1.70GHz",
            "gpu_count": null,
            "gpu_model": null,
            "ram_total_size": 31.226154327392578,
            "tracking_mode": "machine",
            "on_cloud": "N",
            "pue": 1.0
        },
        "energy_consumed_wh": 54.47742080430891,
        "emissions_gco2eq": 7.523713155020691,
        "metrics": {
            "accuracy": 0.8486111111111111,
            "report": {
                "0": {
                    "precision": 0.8953116173978535,
                    "recall": 0.7328914919852034,
                    "f1-score": 0.806000508517671,
                    "support": 6488.0
                },
                "1": {
                    "precision": 0.8233255173819961,
                    "recall": 0.9355885078776645,
                    "f1-score": 0.8758744102814381,
                    "support": 8632.0
                },
                "accuracy": 0.8486111111111111,
                "macro avg": {
                    "precision": 0.8593185673899248,
                    "recall": 0.8342399999314339,
                    "f1-score": 0.8409374593995546,
                    "support": 15120.0
                },
                "weighted avg": {
                    "precision": 0.8542147909866841,
                    "recall": 0.8486111111111111,
                    "f1-score": 0.8458914820642873,
                    "support": 15120.0
                }
            }
        }
    },
    "lean": {
        "emission": {
            "run_id": "e622fa16-e5cf-4647-9b3f-e19cb3d74934",
            "duration": 5525.117157481989,
            "emissions": 0.0040717175616555605,
            "emissions_rate": 7.369468693865973e-07,
            "cpu_power": 7.5,
            "gpu_power": 0.0,
            "ram_power": 11.709807872772217,
            "cpu_energy": 0.011510659846641708,
            "gpu_energy": 0,
            "ram_energy": 0.017971680379817195,
            "energy_consumed": 0.029482340226458903,
            "country_name": "Belgium",
            "country_iso_code": "BEL",
            "region": "wallonia",
            "cloud_provider": "",
            "cloud_region": "",
            "os": "Linux-6.8.0-52-generic-x86_64-with-glibc2.39",
            "python_version": "3.12.3",
            "codecarbon_version": "2.8.3",
            "cpu_count": 8,
            "cpu_model": "Intel(R) Core(TM) i5-8350U CPU @ 1.70GHz",
            "gpu_count": null,
            "gpu_model": null,
            "ram_total_size": 31.226154327392578,
            "tracking_mode": "machine",
            "on_cloud": "N",
            "pue": 1.0
        },
        "energy_consumed_wh": 29.482340226458902,
        "emissions_gco2eq": 4.071717561655561,
        "metrics": {
            "accuracy": 0.8672619047619048,
            "report": {
                "0": {
                    "precision": 0.9143702607730719,
                    "recall": 0.7620221948212084,
                    "f1-score": 0.8312736443883985,
                    "support": 6488.0
                },
                "1": {
                    "precision": 0.8410377844126429,
                    "recall": 0.9463623725671918,
                    "f1-score": 0.890596892886345,
                    "support": 8632.0
                },
                "accuracy": 0.8672619047619048,
                "macro avg": {
                    "precision": 0.8777040225928574,
                    "recall": 0.8541922836942001,
                    "f1-score": 0.8609352686373717,
                    "support": 15120.0
                },
                "weighted avg": {
                    "precision": 0.8725047888191549,
                    "recall": 0.8672619047619048,
                    "f1-score": 0.8651412555679139,
                    "support": 15120.0
                }
            }
        }
    },
    "random_forest": {
        "emission": {
            "run_id": "e622fa16-e5cf-4647-9b3f-e19cb3d74934",
            "duration": 392.80960021101055,
            "emissions": 0.00028942598224992663,
            "emissions_rate": 7.369462177774009e-07,
            "cpu_power": 7.5,
            "gpu_power": 0.0,
            "ram_power": 11.709807872772217,
            "cpu_energy": 0.0008182016781041954,
            "gpu_energy": 0,
            "ram_energy": 0.001277463148804843,
            "energy_consumed": 0.0020956648269090383,
            "country_name": "Belgium",
            "country_iso_code": "BEL",
            "region": "wallonia",
            "cloud_provider": "",
            "cloud_region": "",
            "os": "Linux-6.8.0-52-generic-x86_64-with-glibc2.39",
            "python_version": "3.12.3",
            "codecarbon_version": "2.8.3",
            "cpu_count": 8,
            "cpu_model": "Intel(R) Core(TM) i5-8350U CPU @ 1.70GHz",
            "gpu_count": null,
            "gpu_model": null,
            "ram_total_size": 31.226154327392578,
            "tracking_mode": "machine",
            "on_cloud": "N",
            "pue": 1.0
        },
        "energy_consumed_wh": 2.0956648269090383,
        "emissions_gco2eq": 0.28942598224992666,
        "metrics": {
            "accuracy": 0.858994708994709,
            "report": {
                "0": {
                    "precision": 0.8436415272956769,
                    "recall": 0.8241368680641183,
                    "f1-score": 0.833775144238266,
                    "support": 6488.0
                },
                "1": {
                    "precision": 0.8700751537235254,
                    "recall": 0.885194624652456,
                    "f1-score": 0.87756977144826,
                    "support": 8632.0
                },
                "accuracy": 0.858994708994709,
                "macro avg": {
                    "precision": 0.8568583405096011,
                    "recall": 0.8546657463582872,
                    "f1-score": 0.8556724578432631,
                    "support": 15120.0
                },
                "weighted avg": {
                    "precision": 0.8587324706372899,
                    "recall": 0.858994708994709,
                    "f1-score": 0.8587774737406911,
                    "support": 15120.0
                }
            }
        }
    },
        "svm": {
        "emission": {
            "run_id": "1f898d87-b31e-45ae-b63b-a051f5680c20",
            "duration": 23632.880533477,
            "emissions": 0.017416139368378807,
            "emissions_rate": 7.369469095534251e-07,
            "cpu_power": 7.5,
            "gpu_power": 0.0,
            "ram_power": 11.709807872772217,
            "cpu_energy": 0.04923505753475001,
            "gpu_energy": 0,
            "ram_energy": 0.07687107298997942,
            "energy_consumed": 0.1261061305247294,
            "country_name": "Belgium",
            "country_iso_code": "BEL",
            "region": "wallonia",
            "cloud_provider": "",
            "cloud_region": "",
            "os": "Linux-6.8.0-52-generic-x86_64-with-glibc2.39",
            "python_version": "3.12.3",